{"cameraMode":{"drawMode":0,"name":"Shaded","section":"Shading Mode"},"sceneLighting":true,"audioPlay":false,"sceneViewState":{"m_AlwaysRefresh":false,"showFog":true,"showSkybox":true,"showFlares":true,"showImageEffects":true,"showParticleSystems":true,"showVisualEffectGraphs":true,"m_FxEnabled":true},"in2DMode":false,"pivot":{"x":25.478025436401368,"y":10.585540771484375,"z":-8.951216697692871},"rotation":{"x":-0.05406780540943146,"y":-0.9365246891975403,"z":0.16633133590221406,"w":-0.30361419916152956},"size":7.635052680969238,"orthographic":false}